Nom;Prénom;Email;Pseudonyme;Description
Dulin;Monique;moniquedulin@jourrapide.com;Aptir1980;
Pomerleau;André;andrepomerleau@dayrep.com;Haverfice;
Thiériauld;Leone;leonethiérauld@teleworm.us;Malactind;
D’Avis;Théophile;theophiledavis@dayrep.com;Eveithe56;Théophile D’Avis, 24ans
Boulé;Zara;zaraboule@armyspy.com;Accoure;
Léveillé;Landers;landerslevelle@rhyta.com;Owbet1963;Homme, couleur préféré: vert.
Godin;Holly;hollygodin@teleworm.us;Othoose56;67ans, tropical zodiac: Aquarius
Maheu;Victorine;victorinemaheu@teleworm.us;Riotied;LeftChat.fr
Lagacé;Porter;porterlagace@jourrapide.com;Triated;Travail chez Nectars Matrix Design
Charlebois;Normand;normandcharlebois@rhyta.com;Wooduousted;Apple for ever
Boutot;Constance;constanceboutot@armyspy.com;Carmseepan;
Casgrain;Aurore;aurorecasgrain@teleworm.us;Hene1991;Cuisinière par passion
Lachapelle;Matthieu;matthieulachapelle@jourrapide.com;Bullithein;74 ans
Plante;Armina;arminaplante@rhyta.com;Wassible;
Huppé;Normand;huppenormand@jourrapide.com;Formaded;76
Sicard;Garland;garlandsicard@dayrep.com;Pround;Société: Tape World
Rivard;Octave;octaverivard@jourrapide.com;Uniscomen;StartupStores.fr
Sauriol;Harbin;harbinsauriol@dayrep.com;Sonarmiss;
Édouard;Fifi;fifiedouard@rhyta.com;Moste1964;Flight service specialist
Goddu;Iven;ivengoddu@rhyta.com;Upoctin;Physical therapist
Carrière;Florus;floruscarriere@jourrapide.com;Bose1982;
Beaulieu;Olympia;olympiabeaulieu@rhyta.com;Fincureplarl;ThemeTrip.fr
Chicoine;Joséphine;josephinechicoine@dayrep.com;Alky1995;
Lereau;Margaux;margauxlereau@armyspy.com;Panytherry;
Chauvin;Clémence;clemencechauvin@rhyta.com;Nabing;Femme
Fluet;Benjamin;benjaminfluet@jourrapide.com;Sweld1954;
Dupuis;Faustin;dupuisfaustin@armyspy.com;Phrovis;
Ayot;Isaac;isaacayot@dayrep.com;Stropeten;Homme, 20 ans
Baril;Paverell;pacerellbaril@teleworm.us;Thervin;GamingCounty.fr
Quiron;Pascaline;pascalinequiron@jourrapide.com;Eard1982;12/11/82
Deniger;Avice;avidedeniger@jourrapide.com;Withild;DomainingBuzz.fr
Grenier;Faye;fayegrenier@armyspy.com;Allecomead;Scorpion
Cantin;Aimée;aimmecantin@armyspy.com;Brible;Alpha Beta Corp
Paimboeuf;Warrane;warranepaimboeuf@armyrspy.com;Witied;
Poisson;Manville;manvillepoisson@rhyta.com;Uposurs45;J’adore le poisson!
Bussière;Musette;musettebussière@rhyta.com;Conore;
Levasseur;Alexis;alexislevasseur@dayrep.com;Uplive;
Courtois;Patricia;patriciacourtois@jourrapide.com;Therling;Compagnie : Realty Solution
Marois;Amélie;ameliemarois@rhyta.com;Sonsise;28ans